symbol,d,pnl,pnl_pct,exit_reason,engine
OXY,2026-04-28,-0.54,-0.03,,legacy
AMZN,2026-04-28,0.03,0,,legacy
NVDA,2026-04-28,0.01,0,,legacy
UNH,2026-04-28,-12.8,-0.7,,legacy
CRWD,2026-04-28,-0.33,-0.02,,legacy
NVDA,2026-04-28,-0.18,-0.01,,legacy
PANW,2026-04-28,-1.99,-0.14,,legacy
AMZN,2026-04-27,0,0,,legacy
AMZN,2026-04-27,-0.26,-0.02,,legacy
INTC,2026-04-27,0.02,0,,legacy
MU,2026-04-27,-11.79,-1.12,,legacy
GOOGL,2026-04-27,-0.3,-0.01,,legacy
MU,2026-04-27,-5.7,-0.54,,legacy
MU,2026-04-27,-8.99,-0.85,,legacy
QCOM,2026-04-27,-1.4,-0.09,,legacy
TSM,2026-04-27,-33,-2.67,,legacy
INTC,2026-04-24,-0.36,-0.02,,legacy
AMD,2026-04-24,-26.32,-1.88,,legacy
QCOM,2026-04-24,-72.6,-4.28,,legacy
MRVL,2026-04-23,0.01,0.01,,legacy
ARM,2026-04-23,0,0,,legacy
MRVL,2026-04-23,-22.88,-1.72,,legacy
ON,2026-04-23,-0.11,-0.01,,legacy
TXN,2026-04-23,0,0,,legacy
UNP,2026-04-23,0,0,,legacy
ON,2026-04-23,0,0,,legacy
MU,2026-04-29,-21.14,-1.99,,legacy
V,2026-04-29,-0.42,-0.02,,legacy
BE,2026-04-29,-61.5,-4.24,,legacy
FTAI,2026-04-30,-37.6,-2.98,,legacy
MU,2026-04-29,-27.55,-1.04,,legacy
GD,2026-04-29,2.85,0.17,,legacy
SBUX,2026-04-29,-35.49,-1.54,,legacy
TEAM,2026-05-01,-18.26,-1.28,,legacy
TWLO,2026-05-01,-13.68,-0.95,,legacy
NVT,2026-05-01,-94.8,-5.64,,legacy
FIVN,2026-05-01,0.86,0.06,,legacy
CRCL,2026-05-04,-8.9,-0.02,,legacy
IREN,2026-05-04,10.71,0.02,,legacy
MIRM,2026-05-04,0,0,,legacy
COIN,2026-05-04,-204.85,-0.41,,legacy
COIN,2026-05-04,-204.85,-0.41,,legacy
CELC,2026-05-05,0,0,,legacy
CRCL,2026-05-05,-42.8,-0.09,,legacy
LEGN,2026-05-05,-338.81,-0.68,,legacy
NBIS,2026-05-05,-114.8,-0.23,,legacy
NBIS,2026-05-05,-696.78,-1.39,,legacy
CYTK,2026-05-05,0,0,,legacy
MU,2026-05-05,-9.44,-0.74,,legacy
EWTX,2026-05-05,-1125.52,-2.2518,,legacy
QCOM,2026-05-05,-470.84,-0.94,,legacy
SKLZ,2026-05-06,0,0,,legacy
TSM,2026-05-06,0,0,,legacy
PAYS,2026-05-12,0,0,,legacy
TQQQ,2026-05-15,0,0,,legacy
CIFR,2026-05-06,0,0,,legacy
AS,2026-05-20,0.39,0.09,,legacy
AFRM,2026-05-20,0,0,,legacy
AVGO,2026-05-20,0,0,,legacy
NEE,2026-05-20,0,0,,legacy
AS,2026-05-20,0,0,,legacy
AFRM,2026-05-20,0,0,,legacy
SGHC,2026-05-20,0,0,,legacy
CSCO,2026-05-20,-1549.8,-5.44,,legacy
CSCO,2026-05-20,0,0,,legacy
ASTS,2026-05-23,-132.12,-3.54,,legacy
ASTS,2026-05-23,-1.44,-0.04,,legacy
SWKS,2026-05-26,-595.51,-6.3,,legacy
SWKS,2026-05-26,-295.12,-6.3,,legacy
SWKS,2026-05-26,-295.12,-6.3,,legacy
UAMY,2026-05-26,0,0,,legacy
TXN,2026-05-26,-428.48,-9.65,,legacy
UAMY,2026-05-26,42.92,0.23,,legacy
ASML,2026-05-27,6.95,0.09,,legacy
ASML,2026-05-27,2.78,0.09,,legacy
ASML,2026-05-27,-1.1,-0.03,,legacy
AMAT,2026-05-27,-241.08,-2.57,,legacy
MU,2026-05-27,31.45,0.7,,legacy
MU,2026-05-27,62.9,0.7,,legacy
ASML,2026-05-27,-2.68,-0.08,,legacy
ASML,2026-05-27,29.7,0.373,,legacy
MU,2026-05-28,-79.2,-0.86,,legacy
MU,2026-05-28,-39.6,-0.86,,legacy
TTMI,2026-05-28,-1358.1,-14.5,,legacy
AMD,2026-05-28,-199.8,-4.35,,legacy
AMD,2026-05-28,-74.43,-1.68,,legacy
AMD,2026-05-28,0,0,,legacy
AMD,2026-05-28,138.75,0.74,,legacy
AMD,2026-05-28,3.92,0.78,,legacy
HUT,2026-05-28,-4754.32,-25.12,,legacy
MU,2026-05-28,-7,-0.74,,legacy
MU,2026-05-29,-17.87,-1.83,,legacy
MU,2026-05-30,-0.58,-0.06,,legacy
MU,2026-05-30,-12.81,-1.34,,legacy
WULF,2026-05-29,-37.05,-3.74,,legacy
AVGO,2026-06-01,-10.74,-1.16,,legacy
AVGO,2026-06-01,-14,-1.52,,legacy
AVGO,2026-06-01,-8.6,-0.93,,legacy
AVGO,2026-06-01,-7.6,-0.83,,legacy
AVGO,2026-06-01,-11,-1.2,,legacy
AVGO,2026-06-01,-11,-1.2,,legacy
AVGO,2026-06-01,-8,-0.87,,legacy
AVGO,2026-06-01,-14,-1.52,,legacy
AVGO,2026-06-01,-14,-1.52,,legacy
ELMT,2026-06-03,-254.8,-25.49,stop_loss,legacy
ELMT,2026-06-03,-277.2,-27.73,stop_loss,legacy
CLS,2026-06-03,-125.32,-13.99,stop_loss,legacy
CLS,2026-06-03,-121.96,-24.04,stop_loss,legacy
CLS,2026-06-03,-121.96,-24.04,stop_loss,legacy
CLS,2026-06-03,-131.14,-25.39,stop_loss,legacy
CLS,2026-06-03,-66.05,-12.79,stop_loss,legacy
CLS,2026-06-03,-74.42,-14.41,stop_loss,legacy
NOK,2026-06-03,1.74,0.175,thesis_broken,advance
AXTI,2026-06-03,8,0.87,trail_stop,advance
TIGO,2026-06-03,4.73,0.485,trail_stop,advance
SRAD,2026-05-29,-3.85,-0.387,trail_stop,advance
MSFT,2026-06-03,0,0,thesis_broken,advance
DGICA,2026-05-29,-127,-12.913,hard_stop,advance
DGICA,2026-05-29,0,0,manual_close_user_request,advance
FGBI,2026-05-29,0,0,manual_close_user_request,advance
LEE,2026-05-29,-61.42,-6.148,hard_stop,advance
KBON,2026-05-29,0,0,manual_close_user_request,advance
MXF,2026-05-29,0,0,manual_close_user_request,advance
MRVL,2026-06-03,-7.5,-0.805,thesis_broken,advance
DGICA,2026-06-03,1.74,0.176,trail_stop,advance
LEE,2026-05-29,39.52,3.8,trail_stop,advance
AXTI,2026-06-03,-90,-9.221,hard_stop,advance
MDB,2026-06-03,-22.96,-2.982,trail_stop,advance
MSTR,2026-06-03,-48.51,-4.999,thesis_broken,advance
PATH,2026-06-04,8.6,0.861,trail_stop,advance
ORCL,2026-06-04,-36.32,-3.783,thesis_broken,advance
HFXI,2026-06-01,-21,-2.165,trail_stop,advance
DGICA,2026-06-01,0,0,trail_stop,advance
AAPL,2026-06-03,-0.51,-0.054,thesis_broken,advance
AAPL,2026-06-02,3.12,0.339,trail_stop,advance
VSAT,2026-06-03,-109.78,-11.83,hard_stop,advance
BRID,2026-06-01,-52.08,-6.513,hard_stop,advance
AAPL,2026-06-01,0.15,0.016,trail_stop,advance
INTC,2026-06-03,-1.28,-0.14,thesis_broken,advance
PLTR,2026-06-03,9.9,1.145,thesis_broken,advance
CRM,2026-06-03,-2.6,-0.271,thesis_broken,advance
NVDA,2026-06-01,5.52,0.626,trail_stop,advance
QCOM,2026-06-03,17.25,2.27,thesis_broken,advance
ASTS,2026-06-04,0,0,thesis_broken,advance
CPB,2026-06-03,8.88,1.13,trail_stop,advance
CRWV,2026-06-04,0,0,thesis_broken,advance
HIMX,2026-06-04,3.78,0.386,trail_stop,advance
AVGO,2026-06-04,-0.26,-0.027,event_earnings,advance
QCOM,2026-06-05,0,0,thesis_broken,advance
NVDA,2026-06-03,-77.28,-8.609,hard_stop,advance
MU,2026-06-01,26.85,2.765,trail_stop,advance
DGICA,2026-06-05,-113.73,-11.507,hard_stop,advance
NVDA,2026-06-04,-0.56,-0.065,thesis_broken,advance
BNO,2026-06-05,1.8,0.232,trail_stop,advance
AAPL,2026-06-04,-0.03,-0.003,thesis_broken,advance
INTC,2026-06-04,-0.72,-0.08,thesis_broken,advance
ANSC,2026-06-05,-130.72,-13.231,hard_stop,advance
NVDA,2026-06-04,3.24,0.383,thesis_broken,advance
AXTI,2026-06-04,-60.96,-6.743,hard_stop,advance
AAPL,2026-06-05,-0.45,-0.048,thesis_broken,advance
VSAT,2026-06-05,-7.84,-0.811,trail_stop,advance
AAPL,2026-06-04,-1.14,-0.122,thesis_broken,advance
FSLR,2026-06-05,-39.27,-4.323,thesis_broken,advance
AUGO,2026-06-04,-117.84,-12.699,hard_stop,advance
INTC,2026-06-05,46.62,4.989,thesis_broken,advance
TIGO,2026-06-03,3.3,0.35,trail_stop,advance
INTC,2026-06-04,4.14,0.423,thesis_broken,advance
VSAT,2026-06-05,-74.68,-7.876,hard_stop,advance
AAPL,2026-06-04,-25.95,-2.788,time_stop,advance
AXTI,2026-06-05,0,0,thesis_broken,advance
XQQI,2026-06-04,0.9,0.095,trail_stop,advance
VSAT,2026-06-04,-117.24,-11.74,hard_stop,advance
PLTR,2026-06-05,0.14,0.014,thesis_broken,advance
MSFT,2026-06-05,-0.14,-0.017,thesis_broken,advance
NOK,2026-06-05,3.25,0.327,thesis_broken,advance
VSAT,2026-06-05,-124.92,-13.103,hard_stop,advance
MRVL,2026-06-05,30,3.39,thesis_broken,advance
MDB,2026-06-05,0,0,thesis_broken,advance
MSTR,2026-06-05,8.08,0.846,thesis_broken,advance
GLW,2026-06-03,3.1,0.439,trail_stop,advance
WAGN,2026-06-04,-0.98,-0.098,trail_stop,advance
AUGO,2026-06-08,-114.08,-11.799,hard_stop,advance
AUGO,2026-06-08,-140.28,-14.335,hard_stop,advance
INTC,2026-06-08,-6.3,-0.637,thesis_broken,advance
AAPL,2026-06-08,1.08,0.116,thesis_broken,advance
MSFT,2026-06-08,-3.4,-0.412,trail_stop,advance
SB,2026-06-08,-2.44,-0.307,thesis_broken,advance
HYEM,2026-06-08,-1.96,-0.199,trail_stop,advance
NOK,2026-06-08,-1.32,-0.134,thesis_broken,advance
VSAT,2026-06-08,21.3,2.211,trail_stop,advance
AXTI,2026-06-08,-58.23,-6.343,hard_stop,advance
DGICA,2026-06-08,-131,-13.246,hard_stop,advance
CNI,2026-06-09,-124.39,-12.817,hard_stop,advance
AXTI,2026-06-08,-116.49,-11.906,hard_stop,advance
AUGO,2026-06-09,-127.12,-13.329,hard_stop,advance
AAPL,2026-06-09,0,0,thesis_broken,advance
VSAT,2026-06-10,-118.3,-12.497,hard_stop,advance
HFRO,2026-06-10,1.39,0.139,trail_stop,advance
NOK,2026-06-10,-1.44,-0.145,thesis_broken,advance
AUGO,2026-06-10,75.48,7.991,trail_stop,advance
MSFT,2026-06-11,0,0,thesis_broken,advance
MSFT,2026-06-10,-0.12,-0.015,thesis_broken,advance
MSTR,2026-06-11,-7.2,-0.755,trail_stop,advance
USRT,2026-06-11,-3.6,-0.36,trail_stop,advance
MRVL,2026-06-12,0,0,thesis_broken,advance
NVDA,2026-06-12,-2.8,-0.344,thesis_broken,advance
AUGO,2026-06-12,22.51,2.759,trail_stop,advance
DTD,2026-06-12,1.4,0.15,trail_stop,advance
MRVL,2026-06-12,3,0.36,trail_stop,advance
CCJ,2026-06-12,-64.44,-6.739,hard_stop,advance
XOM,2026-06-12,-17.82,-1.962,thesis_broken,advance
INTC,2026-06-12,0.16,0.017,thesis_broken,advance
PBR,2026-06-12,7.7,0.773,trail_stop,advance
XOM,2026-06-12,0.3,0.034,trail_stop,advance
NVDA,2026-06-12,8.16,1.002,trail_stop,advance
INTC,2026-06-12,8.32,0.852,trail_stop,advance
LRCX,2026-06-12,10.52,1.423,trail_stop,advance
SLV,2026-06-12,1.44,0.148,trail_stop,advance
CCJ,2026-06-12,-2.88,-0.356,trail_stop,advance
