cohort,regime,half,config,n,win_pct,avg_pct,med_pct,p10_pct,expectancy_bp
random,R1_up_calm,H1_2017-21,h8_trail10_t10,27608,48.4,-0.062,-0.116,-8.05,-6
random,R1_up_calm,H1_2017-21,hard12_t10,27607,50.4,0.009,0.033,-12.05,1
random,R1_up_calm,H1_2017-21,hard5_t10,27607,44.7,-0.018,-0.545,-5.05,-2
random,R1_up_calm,H1_2017-21,hard8_t10,27607,48.9,0.002,-0.100,-8.05,0
random,R1_up_calm,H1_2017-21,no_stop_t10,27606,51.0,0.028,0.079,-8.25,3
random,R1_up_calm,H1_2017-21,no_stop_t5,27608,49.7,-0.075,-0.015,-5.98,-8
random,R1_up_calm,H1_2017-21,trail12_t10,27608,49.7,0.014,-0.023,-9.02,1
random,R1_up_calm,H1_2017-21,trail8_t10,27609,47.3,0.010,-0.200,-7.03,1
random,R1_up_calm,H2_2022-26,h8_trail10_t10,26487,46.2,-0.138,-0.343,-8.05,-14
random,R1_up_calm,H2_2022-26,hard12_t10,26486,48.2,-0.094,-0.162,-12.05,-9
random,R1_up_calm,H2_2022-26,hard5_t10,26487,42.3,-0.090,-0.889,-5.05,-9
random,R1_up_calm,H2_2022-26,hard8_t10,26487,46.5,-0.100,-0.317,-8.05,-10
random,R1_up_calm,H2_2022-26,no_stop_t10,26486,49.1,-0.071,-0.089,-8.89,-7
random,R1_up_calm,H2_2022-26,no_stop_t5,26487,48.3,-0.113,-0.100,-6.43,-11
random,R1_up_calm,H2_2022-26,trail12_t10,26487,47.7,-0.034,-0.218,-9.28,-3
random,R1_up_calm,H2_2022-26,trail8_t10,26487,45.0,-0.071,-0.468,-7.09,-7
random,R2_up_vol,H1_2017-21,h8_trail10_t10,4153,52.1,0.862,0.245,-8.05,86
random,R2_up_vol,H1_2017-21,hard12_t10,4153,55.5,1.097,0.745,-12.05,110
random,R2_up_vol,H1_2017-21,hard5_t10,4153,47.2,0.836,-0.361,-5.05,84
random,R2_up_vol,H1_2017-21,hard8_t10,4153,53.0,0.988,0.410,-8.05,99
random,R2_up_vol,H1_2017-21,no_stop_t10,4152,56.2,0.765,0.821,-8.94,77
random,R2_up_vol,H1_2017-21,no_stop_t5,4153,55.2,0.626,0.526,-6.25,63
random,R2_up_vol,H1_2017-21,trail12_t10,4153,54.1,1.074,0.577,-9.62,107
random,R2_up_vol,H1_2017-21,trail8_t10,4153,49.9,0.855,-0.001,-7.13,85
random,R2_up_vol,H2_2022-26,h8_trail10_t10,1437,41.1,-1.103,-1.095,-8.05,-110
random,R2_up_vol,H2_2022-26,hard12_t10,1437,42.5,-1.411,-0.986,-12.05,-141
random,R2_up_vol,H2_2022-26,hard5_t10,1437,37.9,-0.857,-2.423,-5.05,-86
random,R2_up_vol,H2_2022-26,hard8_t10,1437,41.5,-1.138,-1.153,-8.05,-114
random,R2_up_vol,H2_2022-26,no_stop_t10,1437,43.2,-1.535,-0.862,-11.00,-153
random,R2_up_vol,H2_2022-26,no_stop_t5,1437,48.2,-0.333,-0.109,-6.56,-33
random,R2_up_vol,H2_2022-26,trail12_t10,1437,42.1,-1.231,-1.050,-10.52,-123
random,R2_up_vol,H2_2022-26,trail8_t10,1437,41.5,-0.899,-0.999,-7.37,-90
setupA,R1_up_calm,H1_2017-21,h8_trail10_t10,29168,52.1,0.294,0.298,-8.05,29
setupA,R1_up_calm,H1_2017-21,hard12_t10,29168,54.4,0.480,0.567,-8.04,48
setupA,R1_up_calm,H1_2017-21,hard5_t10,29168,48.2,0.245,-0.309,-5.05,24
setupA,R1_up_calm,H1_2017-21,hard8_t10,29168,52.9,0.383,0.403,-8.05,38
setupA,R1_up_calm,H1_2017-21,no_stop_t10,29168,54.8,0.557,0.612,-6.96,56
setupA,R1_up_calm,H1_2017-21,no_stop_t5,29168,52.7,0.170,0.258,-5.51,17
setupA,R1_up_calm,H1_2017-21,trail12_t10,29168,53.7,0.432,0.472,-8.24,43
setupA,R1_up_calm,H1_2017-21,trail8_t10,29168,50.6,0.286,0.082,-7.04,29
setupA,R1_up_calm,H2_2022-26,h8_trail10_t10,26241,47.9,-0.032,-0.314,-8.05,-3
setupA,R1_up_calm,H2_2022-26,hard12_t10,26241,49.8,0.054,-0.026,-9.48,5
setupA,R1_up_calm,H2_2022-26,hard5_t10,26241,44.6,0.062,-0.914,-5.05,6
setupA,R1_up_calm,H2_2022-26,hard8_t10,26241,48.5,0.022,-0.230,-8.05,2
setupA,R1_up_calm,H2_2022-26,no_stop_t10,26241,50.2,0.081,0.020,-8.17,8
setupA,R1_up_calm,H2_2022-26,no_stop_t5,26241,50.7,0.074,0.066,-5.68,7
setupA,R1_up_calm,H2_2022-26,trail12_t10,26241,49.1,0.031,-0.122,-8.87,3
setupA,R1_up_calm,H2_2022-26,trail8_t10,26241,46.7,0.042,-0.475,-7.09,4
setupA,R2_up_vol,H1_2017-21,h8_trail10_t10,3628,63.0,1.869,1.819,-8.05,187
setupA,R2_up_vol,H1_2017-21,hard12_t10,3628,64.8,1.940,2.012,-9.43,194
setupA,R2_up_vol,H1_2017-21,hard5_t10,3628,56.9,1.696,1.282,-5.05,170
setupA,R2_up_vol,H1_2017-21,hard8_t10,3628,63.5,1.973,1.898,-8.05,197
setupA,R2_up_vol,H1_2017-21,no_stop_t10,3628,65.0,1.529,2.030,-7.70,153
setupA,R2_up_vol,H1_2017-21,no_stop_t5,3628,66.3,1.738,1.676,-4.31,174
setupA,R2_up_vol,H1_2017-21,trail12_t10,3628,64.1,1.915,1.942,-8.46,191
setupA,R2_up_vol,H1_2017-21,trail8_t10,3628,61.0,1.776,1.636,-6.68,178
setupA,R2_up_vol,H2_2022-26,h8_trail10_t10,660,61.8,1.327,2.125,-8.05,133
setupA,R2_up_vol,H2_2022-26,hard12_t10,660,65.6,1.908,2.699,-9.79,191
setupA,R2_up_vol,H2_2022-26,hard5_t10,660,55.8,1.205,1.418,-5.05,120
setupA,R2_up_vol,H2_2022-26,hard8_t10,660,63.2,1.568,2.459,-8.05,157
setupA,R2_up_vol,H2_2022-26,no_stop_t10,660,66.4,1.970,2.739,-7.90,197
setupA,R2_up_vol,H2_2022-26,no_stop_t5,660,59.8,0.669,1.177,-5.32,67
setupA,R2_up_vol,H2_2022-26,trail12_t10,660,64.5,1.690,2.591,-9.21,169
setupA,R2_up_vol,H2_2022-26,trail8_t10,660,58.0,1.111,1.595,-7.10,111
